scenario,scenario_type,fault_percentage,workload_users,checkout_error,checkout_success,checkout_success_rate,checkout_http_req_duration,iteration_duration_p(95),GRPC_BACKOFF_MULTIPLIER,GRPC_INITIAL_BACKOFF,GRPC_MAX_ATTEMPTS,GRPC_MAX_BACKOFF,normalized_checkout_http_req_duration,normalized_iteration_duration_p(95),checkout_error_rate
retry-checkout-400vu-25f-00001,retry,25,400,188,2812,0.9373333333333334,1800.9554655,28143.669593049988,1.0,0.5,2.0,15.0,0.12931343581430893,0.1597281743239154,0.06266666666666665
retry-checkout-400vu-50f-00001,retry,50,400,755,2245,0.7483333333333333,1914.497483,30984.325165549995,1.0,0.5,2.0,15.0,0.22234203809670047,0.4904019316896985,0.2516666666666667
retry-checkout-400vu-75f-00001,retry,75,400,1720,1280,0.4266666666666667,2092.939914,34089.58889054999,1.0,0.5,2.0,15.0,0.2959823707908785,0.6636678359598596,0.5733333333333333
retry-checkout-400vu-25f-00002,retry,25,400,192,2808,0.936,2089.2602024999997,33956.2856645,1.5,0.5,2.0,15.0,0.5546447553911013,0.8017136067762629,0.06399999999999995
retry-checkout-400vu-50f-00002,retry,50,400,743,2257,0.7523333333333333,1903.902112,31380.563634799997,1.5,0.5,2.0,15.0,0.21213446586712104,0.5532220347101173,0.2476666666666667
retry-checkout-400vu-75f-00002,retry,75,400,1710,1290,0.43,1916.6414435000002,30912.679614349978,1.5,0.5,2.0,15.0,0.15927572592872064,0.38216863282552344,0.5700000000000001
retry-checkout-400vu-25f-00003,retry,25,400,193,2807,0.9356666666666666,1877.364723,28901.33943995,2.0,0.5,2.0,15.0,0.24203877865304949,0.24341046098092273,0.06433333333333335
retry-checkout-400vu-50f-00003,retry,50,400,708,2292,0.764,1683.7083855,28604.220889149987,2.0,0.5,2.0,15.0,0.0,0.11305745999870971,0.236
retry-checkout-400vu-75f-00003,retry,75,400,1662,1338,0.446,1906.1338675000002,31090.788662699997,2.0,0.5,2.0,15.0,0.1511278647673606,0.3979504984132988,0.554
retry-checkout-400vu-25f-00004,retry,25,400,185,2815,0.9383333333333334,2012.086885,31893.27022075,1.0,1.0,2.0,15.0,0.4407922071813447,0.573859944065434,0.06166666666666665
retry-checkout-400vu-50f-00004,retry,50,400,711,2289,0.763,2106.787227,32579.53739985,1.0,1.0,2.0,15.0,0.40759382879731065,0.7433087155459921,0.237
retry-checkout-400vu-75f-00004,retry,75,400,1688,1312,0.43733333333333335,1811.336843,28806.4671003,1.0,1.0,2.0,15.0,0.07761966514681536,0.1955416023407826,0.5626666666666666
retry-checkout-400vu-25f-00005,retry,25,400,188,2812,0.9373333333333334,1917.539032,28904.546328999997,1.5,1.0,2.0,15.0,0.30130728751579433,0.24376465193870878,0.06266666666666665
retry-checkout-400vu-50f-00005,retry,50,400,751,2249,0.7496666666666667,2000.915002,29609.643260999976,1.5,1.0,2.0,15.0,0.30559660908751735,0.27245828016188195,0.2503333333333333
retry-checkout-400vu-75f-00005,retry,75,400,1664,1336,0.44533333333333336,1718.9631479999998,28404.0808326,1.5,1.0,2.0,15.0,0.00599058134843762,0.15988700730455396,0.5546666666666666
retry-checkout-400vu-25f-00006,retry,25,400,215,2785,0.9283333333333333,1986.606328,30796.10430195,2.0,1.0,2.0,15.0,0.40320115319751226,0.45268136832697375,0.07166666666666666
retry-checkout-400vu-50f-00006,retry,50,400,771,2229,0.743,2103.213295,32509.7396573,2.0,1.0,2.0,15.0,0.4041507054716996,0.7322429010987402,0.257
retry-checkout-400vu-75f-00006,retry,75,400,1692,1308,0.436,2098.7408020000003,31698.6151385,2.0,1.0,2.0,15.0,0.30048053764083527,0.4518087152227866,0.5640000000000001
retry-checkout-400vu-25f-00007,retry,25,400,208,2792,0.9306666666666666,1905.4690355,28005.2330219,1.0,1.5,2.0,15.0,0.28350061672691923,0.14443828403966424,0.06933333333333336
retry-checkout-400vu-50f-00007,retry,50,400,762,2238,0.746,2197.8875845000002,34090.0199165,1.0,1.5,2.0,15.0,0.4953598427784872,0.9827823524346552,0.254
retry-checkout-400vu-75f-00007,retry,75,400,1691,1309,0.43633333333333335,2115.391895,30598.46364485,1.0,1.5,2.0,15.0,0.31339224952841943,0.35432662119208885,0.5636666666666666
retry-checkout-400vu-25f-00008,retry,25,400,202,2798,0.9326666666666666,1891.8380975,29413.299128799998,1.5,1.5,2.0,15.0,0.26339111416744704,0.29995482210927527,0.06733333333333336
retry-checkout-400vu-50f-00008,retry,50,400,699,2301,0.767,2095.338847,30795.529746,1.5,1.5,2.0,15.0,0.39656446835663617,0.4604700885540163,0.23299999999999998
retry-checkout-400vu-75f-00008,retry,75,400,1626,1374,0.458,1711.2376250000002,26599.64760154998,1.5,1.5,2.0,15.0,0.0,0.0,0.542
retry-checkout-400vu-25f-00009,retry,25,400,201,2799,0.933,1901.105768,28311.93791054998,2.0,1.5,2.0,15.0,0.27706355869328175,0.1783128885473189,0.06699999999999995
retry-checkout-400vu-50f-00009,retry,50,400,767,2233,0.7443333333333333,2008.83202,28194.45011205,2.0,1.5,2.0,15.0,0.3132238581076678,0.04809192931487087,0.2556666666666667
retry-checkout-400vu-75f-00009,retry,75,400,1724,1276,0.42533333333333334,2098.8019114999997,33943.244771549995,2.0,1.5,2.0,15.0,0.3005279236146922,0.6507005934923095,0.5746666666666667
retry-checkout-400vu-25f-00010,retry,25,400,43,2957,0.9856666666666667,1713.302207,28113.573466249978,1.0,0.5,3.0,15.0,0.0,0.15640415038334482,0.014333333333333309
retry-checkout-400vu-50f-00010,retry,50,400,371,2629,0.8763333333333333,1799.896859,27891.109755399997,1.0,0.5,3.0,15.0,0.11193588553867646,0.0,0.1236666666666667
retry-checkout-400vu-75f-00010,retry,75,400,1272,1728,0.576,2109.2020365,32801.704404899996,1.0,0.5,3.0,15.0,0.30859246433852716,0.5495511190754575,0.42400000000000004
retry-checkout-400vu-25f-00011,retry,25,400,44,2956,0.9853333333333333,1810.9142205,28708.4017481,1.5,0.5,3.0,15.0,0.14400542613527278,0.22210109080815985,0.014666666666666717
retry-checkout-400vu-50f-00011,retry,50,400,348,2652,0.884,2020.502848,32421.185139549987,1.5,0.5,3.0,15.0,0.3244675247795566,0.7182033659205709,0.11599999999999999
retry-checkout-400vu-75f-00011,retry,75,400,1287,1713,0.571,1994.185763,30715.343326849976,1.5,0.5,3.0,15.0,0.2194057073000802,0.3646830822947309,0.42900000000000005
retry-checkout-400vu-25f-00012,retry,25,400,58,2942,0.9806666666666667,2005.270952,30815.91382454998,2.0,0.5,3.0,15.0,0.43073677136990696,0.4548692687106734,0.019333333333333313
retry-checkout-400vu-50f-00012,retry,50,400,390,2610,0.87,2008.3898205,32891.915311749995,2.0,0.5,3.0,15.0,0.3127978434512547,0.7928334692732224,0.13
retry-checkout-400vu-75f-00012,retry,75,400,1318,1682,0.5606666666666666,1992.3960204999998,30594.8459528,2.0,0.5,3.0,15.0,0.21801789212704825,0.3540060651608261,0.43933333333333335
retry-checkout-400vu-25f-00013,retry,25,400,57,2943,0.981,1886.602859,28500.14572345,1.0,1.0,3.0,15.0,0.2556676514083034,0.19909985824741638,0.019000000000000017
retry-checkout-400vu-50f-00013,retry,50,400,338,2662,0.8873333333333333,2199.7307965,32011.062696899997,1.0,1.0,3.0,15.0,0.49713559179420597,0.6531820817756365,0.11266666666666669
retry-checkout-400vu-75f-00013,retry,75,400,1263,1737,0.579,2198.317656,32563.74756315,1.0,1.0,3.0,15.0,0.3776951474877706,0.5284662672558582,0.42100000000000004
retry-checkout-400vu-25f-00014,retry,25,400,698,2302,0.7673333333333333,2000.9786205,30315.372566499977,1.5,1.0,3.0,15.0,0.4244043640707648,0.39958603787975544,0.2326666666666667
retry-checkout-400vu-50f-00014,retry,50,400,359,2641,0.8803333333333333,2213.243252,31099.1618006,1.5,1.0,3.0,15.0,0.510153480975739,0.5086082639976498,0.1196666666666667
retry-checkout-400vu-75f-00014,retry,75,400,1251,1749,0.583,2307.221707,32409.95824844997,1.5,1.0,3.0,15.0,0.4621423204092585,0.5148393217642274,0.41700000000000004
retry-checkout-400vu-25f-00015,retry,25,400,473,2527,0.8423333333333334,1818.216054,29002.936630399992,2.0,1.0,3.0,15.0,0.15477770310235225,0.2546315558279305,0.15766666666666662
retry-checkout-400vu-50f-00015,retry,50,400,405,2595,0.865,2226.884732,32093.85178415,2.0,1.0,3.0,15.0,0.5232956722608162,0.6663075589658137,0.135
retry-checkout-400vu-75f-00015,retry,75,400,1245,1755,0.585,2297.144979,31492.0027829,2.0,1.0,3.0,15.0,0.45432855054408794,0.43350123194184226,0.41500000000000004
retry-checkout-400vu-25f-00016,retry,25,400,62,2938,0.9793333333333333,2094.485552,31017.554564049977,1.0,1.5,3.0,15.0,0.562353629068349,0.4771398635266188,0.020666666666666722
retry-checkout-400vu-50f-00016,retry,50,400,362,2638,0.8793333333333333,2413.574093,32177.865778149997,1.0,1.5,3.0,15.0,0.7031520583091679,0.679627234282111,0.1206666666666667
retry-checkout-400vu-75f-00016,retry,75,400,1293,1707,0.569,2513.693469,33063.588042799995,1.0,1.5,3.0,15.0,0.6222461588699442,0.5727560736314621,0.43100000000000005
retry-checkout-400vu-25f-00017,retry,25,400,41,2959,0.9863333333333333,2076.221955,28502.9169399,1.5,1.5,3.0,15.0,0.5354096395485763,0.19940593051663244,0.013666666666666716
retry-checkout-400vu-50f-00017,retry,50,400,352,2648,0.8826666666666667,2190.9764285,29600.814898200002,1.5,1.5,3.0,15.0,0.4887016404314536,0.27105862136134773,0.11733333333333329
retry-checkout-400vu-75f-00017,retry,75,400,1259,1741,0.5803333333333334,2385.153903,30815.391239549994,1.5,1.5,3.0,15.0,0.5225730718031003,0.37354811596481285,0.41966666666666663
retry-checkout-400vu-25f-00018,retry,25,400,45,2955,0.985,2000.803333,29707.393447349998,2.0,1.5,3.0,15.0,0.424145765254609,0.3324366282281166,0.015000000000000013
retry-checkout-400vu-50f-00018,retry,50,400,390,2610,0.87,2389.604394,31796.496179699996,2.0,1.5,3.0,15.0,0.6800596688247622,0.6191644591537097,0.13
retry-checkout-400vu-75f-00018,retry,75,400,1303,1697,0.5656666666666667,2315.608355,29219.273940749976,2.0,1.5,3.0,15.0,0.46864555612348946,0.23211954226044781,0.43433333333333335
retry-checkout-400vu-25f-00019,retry,25,400,13,2987,0.9956666666666667,1781.504355,28090.513330149995,1.0,0.5,4.0,15.0,0.10061752681785366,0.15385722981185346,0.0043333333333333
retry-checkout-400vu-50f-00019,retry,50,400,176,2824,0.9413333333333334,2002.7765789999999,30612.236991099988,1.0,0.5,4.0,15.0,0.3073900509300373,0.431410644205996,0.058666666666666645
retry-checkout-400vu-75f-00019,retry,75,400,966,2034,0.678,2195.6487749999997,31001.876647699995,1.0,0.5,4.0,15.0,0.37562562433188806,0.3900721930556129,0.32199999999999995
retry-checkout-400vu-25f-00020,retry,25,400,10,2990,0.9966666666666667,1900.212187,30494.545887199998,1.5,0.5,4.0,15.0,0.2757452730839868,0.41937517591323165,0.0033333333333332993
retry-checkout-400vu-50f-00020,retry,50,400,194,2806,0.9353333333333333,2195.503553,33111.571621999974,1.5,0.5,4.0,15.0,0.4930630686746031,0.8276580335440946,0.06466666666666665
retry-checkout-400vu-75f-00020,retry,75,400,942,2058,0.686,2284.126383,32322.76628234998,1.5,0.5,4.0,15.0,0.4442335759539598,0.507113426296976,0.31399999999999995
retry-checkout-400vu-25f-00021,retry,25,400,9,2991,0.997,2006.5872,33348.23755559999,2.0,0.5,4.0,15.0,0.4326786107741282,0.7345565774205246,0.0030000000000000027
retry-checkout-400vu-50f-00021,retry,50,400,180,2820,0.94,2168.4086589999997,32190.367003999996,2.0,0.5,4.0,15.0,0.46695986874344464,0.6816091930183865,0.06000000000000005
retry-checkout-400vu-75f-00021,retry,75,400,918,2082,0.694,2488.746032,34182.58277625,2.0,0.5,4.0,15.0,0.6029012354539465,0.6719078272359812,0.30600000000000005
retry-checkout-400vu-25f-00022,retry,25,400,14,2986,0.9953333333333333,2182.510416,33505.576094699994,1.0,1.0,4.0,15.0,0.6922152884717728,0.7519341314897957,0.004666666666666708
retry-checkout-400vu-50f-00022,retry,50,400,190,2810,0.9366666666666666,2307.772105,33093.2035374,1.0,1.0,4.0,15.0,0.6012225048708706,0.8247459362683244,0.06333333333333335
retry-checkout-400vu-75f-00022,retry,75,400,940,2060,0.6866666666666666,2499.1681275,31997.665035049995,1.0,1.0,4.0,15.0,0.6109828127030129,0.4783068932497404,0.31333333333333335
retry-checkout-400vu-25f-00023,retry,25,400,8,2992,0.9973333333333333,1917.6352080000001,28553.267264,1.5,1.0,4.0,15.0,0.301449174414419,0.20496696778352194,0.002666666666666706
retry-checkout-400vu-50f-00023,retry,50,400,190,2810,0.9366666666666666,2408.3606755,32597.524756349998,1.5,1.0,4.0,15.0,0.6981294559204263,0.74616045175054,0.06333333333333335
retry-checkout-400vu-75f-00023,retry,75,400,885,2115,0.705,2473.56923,30900.77243975,1.5,1.0,4.0,15.0,0.5911327290382469,0.38111356330037643,0.29500000000000004
retry-checkout-400vu-25f-00024,retry,25,400,10,2990,0.9966666666666667,1899.434258,31695.752187899998,2.0,1.0,4.0,15.0,0.2745976070013893,0.552044689423179,0.0033333333333332993
retry-checkout-400vu-50f-00024,retry,50,400,194,2806,0.9353333333333333,2371.9106414999997,33499.4466068,2.0,1.0,4.0,15.0,0.6630135213462027,0.8891521801127035,0.06466666666666665
retry-checkout-400vu-75f-00024,retry,75,400,961,2039,0.6796666666666666,2510.189959,31906.3800634,2.0,1.0,4.0,15.0,0.6195294416120879,0.4702183252285753,0.32033333333333336
retry-checkout-400vu-25f-00025,retry,25,400,13,2987,0.9956666666666667,2015.334164,29050.6721044,1.0,1.5,4.0,15.0,0.44558286541497644,0.2599037910044004,0.0043333333333333
retry-checkout-400vu-50f-00025,retry,50,400,197,2803,0.9343333333333333,2609.609572,34198.620412,1.0,1.5,4.0,15.0,0.8920124872127597,1.0,0.06566666666666665
retry-checkout-400vu-75f-00025,retry,75,400,979,2021,0.6736666666666666,2505.94116,28378.96453795,1.0,1.5,4.0,15.0,0.6162348069261694,0.15766150562509798,0.32633333333333336
retry-checkout-400vu-25f-00026,retry,25,400,14,2986,0.9953333333333333,2005.119808,30510.988876999996,1.5,1.5,4.0,15.0,0.43051379106914905,0.42119125318167716,0.004666666666666708
retry-checkout-400vu-50f-00026,retry,50,400,186,2814,0.938,2504.6914665000004,31400.164498199978,1.5,1.5,4.0,15.0,0.7909344654915884,0.5563295781558777,0.062000000000000055
retry-checkout-400vu-75f-00026,retry,75,400,933,2067,0.689,2806.262019,35500.16122725,1.5,1.5,4.0,15.0,0.8491117961568343,0.7886556635063056,0.31100000000000005
retry-checkout-400vu-25f-00027,retry,25,400,9,2991,0.997,1789.908777,26697.4708069,2.0,1.5,4.0,15.0,0.11301643478147917,0.0,0.0030000000000000027
retry-checkout-400vu-50f-00027,retry,50,400,179,2821,0.9403333333333334,2488.698563,32972.34883415,2.0,1.5,4.0,15.0,0.7755269146246158,0.8055854925006171,0.059666666666666646
retry-checkout-400vu-75f-00027,retry,75,400,927,2073,0.691,2684.010456,29422.75284775,2.0,1.5,4.0,15.0,0.7543145982033518,0.2501493772967398,0.30900000000000005
retry-checkout-400vu-25f-00028,retry,25,400,5,2995,0.9983333333333333,1911.065436,35385.267356699995,1.0,0.5,5.0,15.0,0.29175689594839194,0.9595402064272271,0.0016666666666667052
retry-checkout-400vu-50f-00028,retry,50,400,97,2903,0.9676666666666667,2013.129951,32019.983024199988,1.0,0.5,5.0,15.0,0.3173644815101184,0.6545963207338629,0.032333333333333325
retry-checkout-400vu-75f-00028,retry,75,400,730,2270,0.7566666666666667,2303.632611,33496.14778635,1.0,0.5,5.0,15.0,0.4593592374315295,0.6110842764635446,0.2433333333333333
retry-checkout-400vu-25f-00029,retry,25,400,8,2992,0.9973333333333333,1839.033837,29388.415490849995,1.5,0.5,5.0,15.0,0.18548984195303408,0.29720650140927507,0.002666666666666706
retry-checkout-400vu-50f-00029,retry,50,400,94,2906,0.9686666666666667,2207.5737555,33413.81032139998,1.5,0.5,5.0,15.0,0.5046914924310152,0.875575304850446,0.031333333333333324
retry-checkout-400vu-75f-00029,retry,75,400,686,2314,0.7713333333333333,2296.771503,30820.334193649982,1.5,0.5,5.0,15.0,0.45403894706226666,0.37398610065978044,0.22866666666666668
retry-checkout-400vu-25f-00030,retry,25,400,0,3000,1.0,2206.1179599999996,33932.53720084998,2.0,0.5,5.0,15.0,0.7270431166440411,0.7990906625599196,0.0
retry-checkout-400vu-50f-00030,retry,50,400,100,2900,0.9666666666666667,2093.6686099999997,30705.480834899998,2.0,0.5,5.0,15.0,0.3949553633221812,0.44619363053396077,0.033333333333333326
retry-checkout-400vu-75f-00030,retry,75,400,713,2287,0.7623333333333333,2516.566487,32500.4267289,2.0,0.5,5.0,15.0,0.6244739754261214,0.5228555422292701,0.2376666666666667
retry-checkout-400vu-25f-00031,retry,25,400,3,2997,0.999,2005.629464,28600.474477699998,1.0,1.0,5.0,15.0,0.4312656783300591,0.21018085824687477,0.0010000000000000009
retry-checkout-400vu-50f-00031,retry,50,400,98,2902,0.9673333333333334,2096.6119995,30500.63047965,1.0,1.0,5.0,15.0,0.39779102249079706,0.4137164194117493,0.03266666666666662
retry-checkout-400vu-75f-00031,retry,75,400,690,2310,0.77,2799.5983619999997,33912.69707545,1.0,1.0,5.0,15.0,0.8439446146810186,0.6479938268326004,0.22999999999999998
retry-checkout-400vu-25f-00032,retry,25,400,1,2999,0.9996666666666667,1895.925142,29213.079498749998,1.5,1.0,5.0,15.0,0.26942066487286637,0.27784118442822453,0.0003333333333332966
retry-checkout-400vu-50f-00032,retry,50,400,103,2897,0.9656666666666667,2413.45518,33730.4291694,1.5,1.0,5.0,15.0,0.7030374976169054,0.9257724214686667,0.03433333333333333
retry-checkout-400vu-75f-00032,retry,75,400,699,2301,0.767,2698.01545,30805.59500075,1.5,1.0,5.0,15.0,0.7651744527195294,0.3726800919905146,0.23299999999999998
retry-checkout-400vu-25f-00033,retry,25,400,2,2998,0.9993333333333333,1993.2515604999999,30410.426625349995,2.0,1.0,5.0,15.0,0.41300475731976954,0.41008446411797034,0.0006666666666667043
retry-checkout-400vu-50f-00033,retry,50,400,95,2905,0.9683333333333334,2589.835708,33900.10585015,2.0,1.0,5.0,15.0,0.8729623619233408,0.9526731577476388,0.03166666666666662
retry-checkout-400vu-75f-00033,retry,75,400,697,2303,0.7676666666666667,2721.360823,33396.95977699997,2.0,1.0,5.0,15.0,0.7832770919927704,0.6022954370082637,0.23233333333333328
retry-checkout-400vu-25f-00034,retry,25,400,0,3000,1.0,2191.2926660000003,34009.094206199974,1.0,1.5,5.0,15.0,0.7051715999782098,0.8075461465593315,0.0
retry-checkout-400vu-50f-00034,retry,50,400,97,2903,0.9676666666666667,2489.564356,31490.0096204,1.0,1.5,5.0,15.0,0.7763610189314271,0.5705737272491512,0.032333333333333325
retry-checkout-400vu-75f-00034,retry,75,400,740,2260,0.7533333333333333,2988.6484805,34509.75333789997,1.0,1.5,5.0,15.0,0.9905392353696219,0.7008977178455243,0.2466666666666667
retry-checkout-400vu-25f-00035,retry,25,400,4,2996,0.9986666666666667,2092.3889845000003,29486.18815885,1.5,1.5,5.0,15.0,0.5592605969155102,0.30800518960344386,0.0013333333333332975
retry-checkout-400vu-50f-00035,retry,50,400,97,2903,0.9676666666666667,2721.699669,33802.7818323,1.5,1.5,5.0,15.0,1.0,0.9372432959291477,0.032333333333333325
retry-checkout-400vu-75f-00035,retry,75,400,679,2321,0.7736666666666666,2902.751748,31681.753659550002,1.5,1.5,5.0,15.0,0.9239325650372365,0.4503146552810534,0.2263333333333334
retry-checkout-400vu-25f-00036,retry,25,400,138,2862,0.954,2391.1378699999996,35751.5953674,2.0,1.5,5.0,15.0,1.0,1.0,0.04600000000000004
retry-checkout-400vu-50f-00036,retry,50,400,114,2886,0.962,2598.92262,33331.18209079999,2.0,1.5,5.0,15.0,0.8817166859185863,0.8624753300587229,0.038000000000000034
retry-checkout-400vu-75f-00036,retry,75,400,787,2213,0.7376666666666667,3000.849192,37885.325290249995,2.0,1.5,5.0,15.0,1.0,1.0,0.2623333333333333
retry-checkout-500vu-50f-00001,retry,50,500,737,2263,0.7543333333333333,2204.904258,33682.23473615,1.0,0.5,2.0,15.0,0.016412723360850593,0.0,0.2456666666666667
retry-checkout-500vu-50f-00002,retry,50,500,761,2239,0.7463333333333333,2286.480198,37601.67031115,1.5,0.5,2.0,15.0,0.09808539712904317,0.2818758772089396,0.2536666666666667
retry-checkout-500vu-50f-00003,retry,50,500,803,2197,0.7323333333333333,2218.498734,38691.24662369998,2.0,0.5,2.0,15.0,0.03002331986022898,0.36023544531744384,0.2676666666666667
retry-checkout-500vu-50f-00004,retry,50,500,760,2240,0.7466666666666667,2596.5540725,39206.0712619,1.0,1.0,2.0,15.0,0.4085269611009438,0.3972603290601506,0.2533333333333333
retry-checkout-500vu-50f-00005,retry,50,500,733,2267,0.7556666666666667,2694.705293,41408.5062561,1.5,1.0,2.0,15.0,0.5067945705437085,0.5556538742801894,0.2443333333333333
retry-checkout-500vu-50f-00006,retry,50,500,721,2279,0.7596666666666667,2492.090083,39915.29156189998,2.0,1.0,2.0,15.0,0.30393909689787874,0.4482656563251314,0.2403333333333333
retry-checkout-500vu-50f-00007,retry,50,500,979,2021,0.6736666666666666,2302.398141,37611.166164149974,1.0,1.5,2.0,15.0,0.11402221582460066,0.2825587949002743,0.32633333333333336
retry-checkout-500vu-50f-00008,retry,50,500,760,2240,0.7466666666666667,2401.3723695,36500.32037274999,1.5,1.5,2.0,15.0,0.21311380920052758,0.20266957975614525,0.2533333333333333
retry-checkout-500vu-50f-00009,retry,50,500,749,2251,0.7503333333333333,2276.40883,34718.86963554998,2.0,1.5,2.0,15.0,0.0880020863751194,0.07455215579446524,0.2496666666666667
retry-checkout-500vu-50f-00010,retry,50,500,367,2633,0.8776666666666667,2188.510974,37306.4798083,1.0,0.5,3.0,15.0,0.0,0.2606465240680622,0.1223333333333333
retry-checkout-500vu-50f-00011,retry,50,500,370,2630,0.8766666666666667,2497.299308,40801.76148844999,1.5,0.5,3.0,15.0,0.3091544990619251,0.5120183276943063,0.1233333333333333
retry-checkout-500vu-50f-00012,retry,50,500,392,2608,0.8693333333333333,2304.7923410000003,37204.55594895,2.0,0.5,3.0,15.0,0.11641925489685433,0.2533164183135363,0.1306666666666667
retry-checkout-500vu-50f-00013,retry,50,500,916,2084,0.6946666666666667,2395.2207575,37798.72621354999,1.0,1.0,3.0,15.0,0.20695490254221055,0.2960476384958172,0.30533333333333335
retry-checkout-500vu-50f-00014,retry,50,500,369,2631,0.877,2681.056255,42310.12768634998,1.5,1.0,3.0,15.0,0.493129347344029,0.6204962034112382,0.123
retry-checkout-500vu-50f-00015,retry,50,500,356,2644,0.8813333333333333,2802.8169735,42591.73421454999,2.0,1.0,3.0,15.0,0.6150344512243058,0.6407486315083992,0.1186666666666667
retry-checkout-500vu-50f-00016,retry,50,500,325,2675,0.8916666666666667,2601.431886,37694.83440279999,1.0,1.5,3.0,15.0,0.41341055877309524,0.2885760026621344,0.10833333333333328
retry-checkout-500vu-50f-00017,retry,50,500,371,2629,0.8763333333333333,2887.802001,42595.15723445,1.5,1.5,3.0,15.0,0.7001202550310207,0.6409948064278629,0.1236666666666667
retry-checkout-500vu-50f-00018,retry,50,500,398,2602,0.8673333333333333,2697.6425065000003,37393.43020379999,2.0,1.5,3.0,15.0,0.5097352670281506,0.2668997762356842,0.1326666666666667
retry-checkout-500vu-50f-00019,retry,50,500,187,2813,0.9376666666666666,2591.751351,40983.9405207,1.0,0.5,4.0,15.0,0.4037185444738231,0.5251201821684793,0.06233333333333335
retry-checkout-500vu-50f-00020,retry,50,500,194,2806,0.9353333333333333,2622.3421909999997,40489.584157599995,1.5,0.5,4.0,15.0,0.43434565947384585,0.4895673249174362,0.06466666666666665
retry-checkout-500vu-50f-00021,retry,50,500,190,2810,0.9366666666666666,2698.7990755,40698.10891339999,2.0,0.5,4.0,15.0,0.5108932075021112,0.5045638970860971,0.06333333333333335
retry-checkout-500vu-50f-00022,retry,50,500,180,2820,0.94,2479.3834435,37604.96632465,1.0,1.0,4.0,15.0,0.291217389706107,0.2821129181498674,0.06000000000000005
retry-checkout-500vu-50f-00023,retry,50,500,289,2711,0.9036666666666666,2888.647506,47587.06268315,1.5,1.0,4.0,15.0,0.7009667626414063,1.0,0.09633333333333338
retry-checkout-500vu-50f-00024,retry,50,500,193,2807,0.9356666666666666,2903.330443,41703.568316499994,2.0,1.0,4.0,15.0,0.7156671108514291,0.576873990165453,0.06433333333333335
retry-checkout-500vu-50f-00025,retry,50,500,187,2813,0.9376666666666666,2788.145125,38423.85940655,1.0,1.5,4.0,15.0,0.6003452046631647,0.34100563404835355,0.06233333333333335
retry-checkout-500vu-50f-00026,retry,50,500,219,2781,0.927,2809.314132,37573.434368149996,1.5,1.5,4.0,15.0,0.6215393141359771,0.2798452197202147,0.07299999999999995
retry-checkout-500vu-50f-00027,retry,50,500,195,2805,0.935,2998.104535,43791.2875879,2.0,1.5,4.0,15.0,0.8105535871530526,0.7270174712180493,0.06499999999999995
retry-checkout-500vu-50f-00028,retry,50,500,88,2912,0.9706666666666667,2696.5991445,42407.94802405,1.0,0.5,5.0,15.0,0.5086906677964634,0.6275311942843991,0.029333333333333322
retry-checkout-500vu-50f-00029,retry,50,500,103,2897,0.9656666666666667,2685.915208,40314.19458034998,1.5,0.5,5.0,15.0,0.4979940621511642,0.4769537508467222,0.03433333333333333
retry-checkout-500vu-50f-00030,retry,50,500,115,2885,0.9616666666666667,2801.731092,43792.97398534999,2.0,0.5,5.0,15.0,0.6139472820724649,0.7271387526503994,0.03833333333333333
retry-checkout-500vu-50f-00031,retry,50,500,95,2905,0.9683333333333334,2594.972892,40111.342824349995,1.0,1.0,5.0,15.0,0.40694390561736427,0.4623651664519223,0.03166666666666662
retry-checkout-500vu-50f-00032,retry,50,500,100,2900,0.9666666666666667,2802.6098300000003,39816.53266639998,1.5,1.0,5.0,15.0,0.6148270620909573,0.44116316675270123,0.033333333333333326
retry-checkout-500vu-50f-00033,retry,50,500,106,2894,0.9646666666666667,2801.130891,37561.197677699995,2.0,1.0,5.0,15.0,0.6133463693466249,0.27896518794300446,0.03533333333333333
retry-checkout-500vu-50f-00034,retry,50,500,103,2897,0.9656666666666667,3187.326566,42815.05071695,1.0,1.5,5.0,15.0,1.0,0.6568089886196993,0.03433333333333333
retry-checkout-500vu-50f-00035,retry,50,500,95,2905,0.9683333333333334,2980.002005,39305.3595734,1.5,1.5,5.0,15.0,0.792429590946954,0.40440089289009873,0.03166666666666662
retry-checkout-500vu-50f-00036,retry,50,500,110,2890,0.9633333333333334,2919.2934655,38916.013803599984,2.0,1.5,5.0,15.0,0.7316490625028207,0.37640013147945395,0.036666666666666625
retry-checkout-500vu-25f-00001,retry,25,500,185,2815,0.9383333333333334,2115.476874,35326.21360644999,1.0,0.5,2.0,15.0,0.0,0.15025532171997433,0.06166666666666665
retry-checkout-500vu-75f-00001,retry,75,500,1711,1289,0.42966666666666664,2280.004343,38984.211363149996,1.0,0.5,2.0,15.0,0.04950064512444566,0.43225097127353695,0.5703333333333334
retry-checkout-500vu-25f-00002,retry,25,500,192,2808,0.936,2273.3847285,38696.25610809999,1.5,0.5,2.0,15.0,0.23510263754946312,0.5050295611918946,0.06399999999999995
retry-checkout-500vu-75f-00002,retry,75,500,1685,1315,0.43833333333333335,2607.511387,40036.053267649986,1.5,0.5,2.0,15.0,0.2844304191923056,0.5850876606582213,0.5616666666666666
retry-checkout-500vu-25f-00003,retry,25,500,189,2811,0.937,2374.772193,36684.368390799995,2.0,0.5,2.0,15.0,0.38605434539121863,0.29323225167471884,0.06299999999999994
retry-checkout-500vu-75f-00003,retry,75,500,1725,1275,0.425,2407.626839,38386.281231600005,2.0,0.5,2.0,15.0,0.141047757470696,0.34536941483574607,0.575
retry-checkout-500vu-25f-00004,retry,25,500,194,2806,0.9353333333333333,2394.9067185,40701.5247787,1.0,1.0,2.0,15.0,0.4160318285623103,0.7161300642866393,0.06466666666666665
retry-checkout-500vu-75f-00004,retry,75,500,1669,1331,0.44366666666666665,2210.997296,37897.96674965,1.0,1.0,2.0,15.0,0.0,0.27441543545867025,0.5563333333333333
retry-checkout-500vu-25f-00005,retry,25,500,183,2817,0.939,2119.610576,34615.70024779997,1.5,1.0,2.0,15.0,0.006154502232461841,0.07545750052742774,0.061000000000000054
retry-checkout-500vu-75f-00005,retry,75,500,1680,1320,0.44,2498.980997,39894.6604017,1.5,1.0,2.0,15.0,0.20657859747027663,0.5645427313851465,0.56
retry-checkout-500vu-25f-00006,retry,25,500,175,2825,0.9416666666666667,2341.965817,40881.359048499995,2.0,1.0,2.0,15.0,0.33721025495340323,0.7350617443078986,0.05833333333333335
retry-checkout-500vu-75f-00006,retry,75,500,1695,1305,0.435,2395.564798,38298.752275599996,2.0,1.0,2.0,15.0,0.1323953250456783,0.33265111962131616,0.565
retry-checkout-500vu-25f-00007,retry,25,500,208,2792,0.9306666666666666,2190.5997615,34503.692798,1.0,1.5,2.0,15.0,0.11184743816262546,0.06366614840100224,0.06933333333333336
retry-checkout-500vu-75f-00007,retry,75,500,1664,1336,0.44533333333333336,2604.7197535,40517.99781455,1.0,1.5,2.0,15.0,0.28242790401148626,0.655116063881246,0.5546666666666666
retry-checkout-500vu-25f-00008,retry,25,500,209,2791,0.9303333333333333,2396.747987,39560.46851339999,1.5,1.5,2.0,15.0,0.4187732189900221,0.5960077309575259,0.06966666666666665
retry-checkout-500vu-75f-00008,retry,75,500,1647,1353,0.451,2606.735933,41197.85240234999,1.5,1.5,2.0,15.0,0.28387416479607946,0.7539015600834855,0.5489999999999999
retry-checkout-500vu-25f-00009,retry,25,500,208,2792,0.9306666666666666,2306.643613,35606.60142,2.0,1.5,2.0,15.0,0.2846204496472961,0.17977256764808855,0.06933333333333336
retry-checkout-500vu-75f-00009,retry,75,500,1692,1308,0.436,2600.9021270000003,40406.877328149974,2.0,1.5,2.0,15.0,0.2796894159467214,0.6389698282240264,0.5640000000000001
retry-checkout-500vu-25f-00010,retry,25,500,72,2928,0.976,2697.292214,43398.03890475,1.0,0.5,3.0,15.0,0.8662414003018292,1.0,0.02400000000000002
retry-checkout-500vu-75f-00010,retry,75,500,1191,1809,0.603,2508.811263,39513.548281799995,1.0,0.5,3.0,15.0,0.2136301165527393,0.5091656690712196,0.397
retry-checkout-500vu-25f-00011,retry,25,500,70,2930,0.9766666666666667,2202.6632755,36147.17648134999,1.5,0.5,3.0,15.0,0.1298083177432853,0.23668048681350906,0.023333333333333317
retry-checkout-500vu-75f-00011,retry,75,500,1327,1673,0.5576666666666666,2304.408271,36596.00256865,1.5,0.5,3.0,15.0,0.06700625117610742,0.08523501369550304,0.44233333333333336
retry-checkout-500vu-25f-00012,retry,25,500,34,2966,0.9886666666666667,2422.4827354999998,40904.30708775,2.0,0.5,3.0,15.0,0.4570886483787609,0.7374775515768889,0.011333333333333306
retry-checkout-500vu-75f-00012,retry,75,500,1284,1716,0.572,2594.1665709999997,40016.13835844998,2.0,0.5,3.0,15.0,0.27485781712070795,0.5821939474694766,0.42800000000000005
retry-checkout-500vu-25f-00013,retry,25,500,46,2954,0.9846666666666667,2392.6038049999997,37495.184704549996,1.0,1.0,3.0,15.0,0.4126031135081247,0.3785892585733688,0.01533333333333331
retry-checkout-500vu-75f-00013,retry,75,500,1275,1725,0.575,2587.745488,37505.99965015,1.0,1.0,3.0,15.0,0.2702517983919599,0.21746110270295588,0.42500000000000004
retry-checkout-500vu-25f-00014,retry,25,500,45,2955,0.985,2787.131842,42499.889218300006,1.5,1.0,3.0,15.0,1.0,0.9054491533011139,0.015000000000000013
retry-checkout-500vu-75f-00014,retry,75,500,1257,1743,0.581,2575.679149,38981.879899699976,1.5,1.0,3.0,15.0,0.26159628289380715,0.4319122006335786,0.41900000000000004
retry-checkout-500vu-25f-00015,retry,25,500,41,2959,0.9863333333333333,2389.342468,36503.12024535,2.0,1.0,3.0,15.0,0.4077474403494622,0.27415172882486316,0.013666666666666716
retry-checkout-500vu-75f-00015,retry,75,500,1255,1745,0.5816666666666667,2512.882488,38494.792287,2.0,1.0,3.0,15.0,0.21655051776838297,0.36113649009489013,0.41833333333333333
retry-checkout-500vu-25f-00016,retry,25,500,53,2947,0.9823333333333333,2413.98841,39507.77073319998,1.0,1.5,3.0,15.0,0.44444178964220815,0.5904600813705656,0.01766666666666672
retry-checkout-500vu-75f-00016,retry,75,500,1262,1738,0.5793333333333334,2702.3016795000003,36009.40415764997,1.0,1.5,3.0,15.0,0.3524260925948338,0.0,0.42066666666666663
retry-checkout-500vu-25f-00017,retry,25,500,47,2953,0.9843333333333333,2599.143113,36906.4960896,1.5,1.5,3.0,15.0,0.7201111613009021,0.31661628477484594,0.015666666666666718
retry-checkout-500vu-75f-00017,retry,75,500,1247,1753,0.5843333333333334,2791.235117,38209.71144324997,1.5,1.5,3.0,15.0,0.41622048346892176,0.31971314293659436,0.41566666666666663
retry-checkout-500vu-25f-00018,retry,25,500,42,2958,0.986,2590.6549295,39743.9284899,2.0,1.5,3.0,15.0,0.7074734471404969,0.6153210997368396,0.014000000000000012
retry-checkout-500vu-75f-00018,retry,75,500,1258,1742,0.5806666666666667,2988.9885585,39288.79596829999,2.0,1.5,3.0,15.0,0.5580744441206407,0.4765082902579864,0.41933333333333334
retry-checkout-500vu-25f-00019,retry,25,500,14,2986,0.9953333333333333,2192.559582,34976.994895150005,1.0,0.5,4.0,15.0,0.11476533588299154,0.11349204569299375,0.004666666666666708
retry-checkout-500vu-75f-00019,retry,75,500,950,2050,0.6833333333333333,2402.7257179999997,37594.85071875,1.0,0.5,4.0,15.0,0.13753204912089537,0.23037150598221193,0.31666666666666665
retry-checkout-500vu-25f-00020,retry,25,500,16,2984,0.9946666666666667,2497.1901785,42495.4233604,1.5,0.5,4.0,15.0,0.5683175479765084,0.9049790193668119,0.005333333333333301
retry-checkout-500vu-75f-00020,retry,75,500,930,2070,0.69,2510.5952085,38462.77163529999,1.5,0.5,4.0,15.0,0.21490978952754208,0.3564837657863876,0.31000000000000005
retry-checkout-500vu-25f-00021,retry,25,500,14,2986,0.9953333333333333,2286.6019965,35807.86943704998,2.0,0.5,4.0,15.0,0.254781294940113,0.20096064098662003,0.004666666666666708
retry-checkout-500vu-75f-00021,retry,75,500,977,2023,0.6743333333333333,2507.104292,37895.784701699995,2.0,0.5,4.0,15.0,0.21240565949535034,0.2740983754676867,0.32566666666666666
retry-checkout-500vu-25f-00022,retry,25,500,12,2988,0.996,2397.1909724999996,38805.40180869999,1.0,1.0,4.0,15.0,0.41943276223931647,0.5165196486026731,0.0040000000000000036
retry-checkout-500vu-75f-00022,retry,75,500,929,2071,0.6903333333333334,2885.190683,42193.515111400004,1.0,1.0,4.0,15.0,0.48361738468732063,0.8985751954881599,0.30966666666666665
retry-checkout-500vu-25f-00023,retry,25,500,13,2987,0.9956666666666667,2213.876866,34707.610401499995,1.5,1.0,4.0,15.0,0.1465037804946306,0.08513315146141702,0.0043333333333333
retry-checkout-500vu-75f-00023,retry,75,500,932,2068,0.6893333333333334,2910.9137250000003,38915.67374684999,1.5,1.0,4.0,15.0,0.5020692273456978,0.42229219103403903,0.31066666666666665
retry-checkout-500vu-25f-00024,retry,25,500,10,2990,0.9966666666666667,2312.4315975,41209.13698055,2.0,1.0,4.0,15.0,0.29323794639154677,0.7695678867383825,0.0033333333333332993
retry-checkout-500vu-75f-00024,retry,75,500,917,2083,0.6943333333333334,2892.00848,36358.117540049985,2.0,1.0,4.0,15.0,0.48850797723546313,0.05066940067907683,0.30566666666666664
retry-checkout-500vu-25f-00025,retry,25,500,17,2983,0.9943333333333333,2609.290734,37898.994505099996,1.0,1.5,4.0,15.0,0.7352195450447414,0.4210994983733986,0.005666666666666709
retry-checkout-500vu-75f-00025,retry,75,500,928,2072,0.6906666666666667,3099.4915335,40344.76396285,1.0,1.5,4.0,15.0,0.6373412550982279,0.6299445164558068,0.30933333333333335
retry-checkout-500vu-25f-00026,retry,25,500,11,2989,0.9963333333333333,2393.972932,38096.27350105,1.5,1.5,4.0,15.0,0.41464155149374293,0.44186763578343957,0.003666666666666707
retry-checkout-500vu-75f-00026,retry,75,500,1021,1979,0.6596666666666666,3297.713366,42091.78717014999,1.5,1.5,4.0,15.0,0.7795312054448903,0.883793732901382,0.3403333333333334
retry-checkout-500vu-25f-00027,retry,25,500,14,2986,0.9953333333333333,2485.727586,34909.829099149996,2.0,1.5,4.0,15.0,0.5512513561873931,0.10642130572969584,0.004666666666666708
retry-checkout-500vu-75f-00027,retry,75,500,934,2066,0.6886666666666666,3484.4338230000003,41574.97048315,2.0,1.5,4.0,15.0,0.913470904088006,0.8086982730970992,0.31133333333333335
retry-checkout-500vu-25f-00028,retry,25,500,3,2997,0.999,2697.310148,42101.144490449995,1.0,0.5,5.0,15.0,0.8662681015113108,0.8634721285314965,0.0010000000000000009
retry-checkout-500vu-75f-00028,retry,75,500,696,2304,0.768,2488.994954,37845.34296364999,1.0,0.5,5.0,15.0,0.19941533527851132,0.26676899619748495,0.23199999999999998
retry-checkout-500vu-25f-00029,retry,25,500,2,2998,0.9993333333333333,2301.759423,36691.5244898,1.5,0.5,5.0,15.0,0.27734857609212243,0.29398559516491823,0.0006666666666667043
retry-checkout-500vu-75f-00029,retry,75,500,696,2304,0.768,2789.66097,38920.74145724998,1.5,0.5,5.0,15.0,0.41509130470518296,0.423028548919174,0.23199999999999998
retry-checkout-500vu-25f-00030,retry,25,500,2,2998,0.9993333333333333,2297.0269825,39821.86260905,2.0,0.5,5.0,15.0,0.27030263624879514,0.6235254526008814,0.0006666666666667043
retry-checkout-500vu-75f-00030,retry,75,500,716,2284,0.7613333333333333,3201.096591,42186.24074365,2.0,0.5,5.0,15.0,0.7102253461122425,0.8975182017712136,0.2386666666666667
retry-checkout-500vu-25f-00031,retry,25,500,3,2997,0.999,2384.877154,36014.11458374998,1.0,1.0,5.0,15.0,0.40109921438115514,0.22267267133325275,0.0010000000000000009
retry-checkout-500vu-75f-00031,retry,75,500,727,2273,0.7576666666666667,2911.603499,40081.75158675,1.0,1.0,5.0,15.0,0.5025640211308897,0.5917278028429069,0.2423333333333333
retry-checkout-500vu-25f-00032,retry,25,500,4,2996,0.9986666666666667,2502.8044175,39286.3640192,1.5,1.0,5.0,15.0,0.5766763620514159,0.5671519484509185,0.0013333333333332975
retry-checkout-500vu-75f-00032,retry,75,500,703,2297,0.7656666666666667,3083.872756,39297.777396599995,1.5,1.0,5.0,15.0,0.6261374781520102,0.4778133264629954,0.23433333333333328
retry-checkout-500vu-25f-00033,retry,25,500,4,2996,0.9986666666666667,2213.1917065,33898.92051705,2.0,1.0,5.0,15.0,0.14548367414145272,0.0,0.0013333333333332975
retry-checkout-500vu-75f-00033,retry,75,500,768,2232,0.744,3401.099831,41938.46272184999,2.0,1.0,5.0,15.0,0.8536931488567844,0.8615150986506911,0.256
retry-checkout-500vu-25f-00034,retry,25,500,6,2994,0.998,2591.47116,39203.3871477,1.0,1.5,5.0,15.0,0.70868869982065,0.5584167302850469,0.0020000000000000018
retry-checkout-500vu-75f-00034,retry,75,500,677,2323,0.7743333333333333,3213.818209,38599.15934365,1.0,1.5,5.0,15.0,0.7193509111871654,0.3763014263376542,0.22566666666666668
retry-checkout-500vu-25f-00035,retry,25,500,3,2997,0.999,2494.110362,36753.49467479999,1.5,1.5,5.0,15.0,0.5637321333711925,0.30050937794882726,0.0010000000000000009
retry-checkout-500vu-75f-00035,retry,75,500,699,2301,0.767,3400.363561,38307.747075749976,1.5,1.5,5.0,15.0,0.8531650022171264,0.33395809880774935,0.23299999999999998
retry-checkout-500vu-25f-00036,retry,25,500,5,2995,0.9983333333333333,2605.886049,41699.54049085,2.0,1.5,5.0,15.0,0.7301504468288254,0.8211940998546441,0.0016666666666667052
retry-checkout-500vu-75f-00036,retry,75,500,793,2207,0.7356666666666667,3605.060885,42891.53376105,2.0,1.5,5.0,15.0,1.0,1.0,0.2643333333333333
retry-checkout-300vu-25f-00001,retry,25,300,165,2835,0.945,1496.433567,23695.294224949997,1.0,0.5,2.0,15.0,0.33729191966317995,0.6182475912738318,0.05500000000000005
retry-checkout-300vu-75f-00001,retry,75,300,1701,1299,0.433,1503.434606,23118.0663566,1.0,0.5,2.0,15.0,0.021824419216021452,0.20114359194893588,0.567
retry-checkout-300vu-25f-00002,retry,25,300,727,2273,0.7576666666666667,1513.690531,23604.90884955,1.5,0.5,2.0,15.0,0.3891102938499053,0.6017502006056396,0.2423333333333333
retry-checkout-300vu-75f-00002,retry,75,300,1686,1314,0.438,1507.3600230000002,24209.250176149988,1.5,0.5,2.0,15.0,0.025388634159564705,0.3102267084019454,0.562
retry-checkout-300vu-25f-00003,retry,25,300,218,2782,0.9273333333333333,1485.6113,23182.07278345,2.0,0.5,2.0,15.0,0.3047953414148477,0.5245729831610851,0.07266666666666666
retry-checkout-300vu-75f-00003,retry,75,300,1689,1311,0.437,1715.5222,26491.48106165,2.0,0.5,2.0,15.0,0.2143965133081664,0.5383760385105266,0.563
retry-checkout-300vu-25f-00004,retry,25,300,222,2778,0.926,1504.9561199999998,23484.829331999994,1.0,1.0,2.0,15.0,0.3628830282950453,0.5798329523394941,0.07399999999999995
retry-checkout-300vu-75f-00004,retry,75,300,1700,1300,0.43333333333333335,1479.3984725,21105.9801596,1.0,1.0,2.0,15.0,0.0,0.0,0.5666666666666667
retry-checkout-300vu-25f-00005,retry,25,300,186,2814,0.938,1607.374633,23008.748833499998,1.5,1.0,2.0,15.0,0.6704203697580061,0.4929374126738771,0.062000000000000055
retry-checkout-300vu-75f-00005,retry,75,300,1673,1327,0.44233333333333336,1602.930844,23496.920169099998,1.5,1.0,2.0,15.0,0.11216538892851878,0.23901672918501335,0.5576666666666666
retry-checkout-300vu-25f-00006,retry,25,300,208,2792,0.9306666666666666,1404.905843,22690.5070696,2.0,1.0,2.0,15.0,0.06245691098544587,0.43485103882458487,0.06933333333333336
retry-checkout-300vu-75f-00006,retry,75,300,1703,1297,0.43233333333333335,1597.787067,23340.771973349987,2.0,1.0,2.0,15.0,0.1074949228736631,0.22340695609659791,0.5676666666666667
retry-checkout-300vu-25f-00007,retry,25,300,210,2790,0.93,1391.6685269999998,20802.262624149997,1.0,1.5,2.0,15.0,0.022708540778731672,0.09020339913979503,0.06999999999999995
retry-checkout-300vu-75f-00007,retry,75,300,1676,1324,0.44133333333333336,1704.4203244999999,23693.591499849997,1.0,1.5,2.0,15.0,0.2043161904893535,0.25867750612360296,0.5586666666666666
retry-checkout-300vu-25f-00008,retry,25,300,181,2819,0.9396666666666667,1717.133843,25786.82709015,1.5,1.5,2.0,15.0,1.0,1.0,0.06033333333333335
retry-checkout-300vu-75f-00008,retry,75,300,1644,1356,0.452,1715.3865255,24044.29416155,1.5,1.5,2.0,15.0,0.2142733230635738,0.2937364380846529,0.548
retry-checkout-300vu-25f-00009,retry,25,300,225,2775,0.925,1486.780353,20308.05913115,2.0,1.5,2.0,15.0,0.30830571704048604,0.0,0.07499999999999996
retry-checkout-300vu-75f-00009,retry,75,300,1753,1247,0.4156666666666667,1804.104219,24786.446179549996,2.0,1.5,2.0,15.0,0.2948275492590016,0.3679276545918007,0.5843333333333334
retry-checkout-300vu-25f-00010,retry,25,300,48,2952,0.984,1592.716853,25586.078797599996,1.0,0.5,3.0,15.0,0.6264066991733829,0.9633588620557959,0.016000000000000014
retry-checkout-300vu-75f-00010,retry,75,300,1252,1748,0.5826666666666667,1496.5234095,22676.8115949,1.0,0.5,3.0,15.0,0.015549164932702577,0.1570323765023791,0.41733333333333333
retry-checkout-300vu-25f-00011,retry,25,300,36,2964,0.988,1510.6317085,21703.40295175,1.5,0.5,3.0,15.0,0.3799254100617853,0.25468204367149017,0.01200000000000001
retry-checkout-300vu-75f-00011,retry,75,300,1254,1746,0.582,1516.0489535,21688.055072749998,1.5,0.5,3.0,15.0,0.03327804206998712,0.05818867948546214,0.41800000000000004
retry-checkout-300vu-25f-00012,retry,25,300,71,2929,0.9763333333333334,1606.631373,25391.43987315,2.0,0.5,3.0,15.0,0.6681885446931787,0.9278328230071334,0.023666666666666614
retry-checkout-300vu-75f-00012,retry,75,300,1259,1741,0.5803333333333334,1611.584783,23586.696457449998,2.0,0.5,3.0,15.0,0.12002302512470142,0.2479914565786442,0.41966666666666663
retry-checkout-300vu-25f-00013,retry,25,300,39,2961,0.987,1493.805206,21384.730553099995,1.0,1.0,3.0,15.0,0.32939960478115327,0.19651706916722794,0.013000000000000012
retry-checkout-300vu-75f-00013,retry,75,300,1259,1741,0.5803333333333334,1885.700316,24204.4502621,1.0,1.0,3.0,15.0,0.36891548138498803,0.3097468721233106,0.41966666666666663
retry-checkout-300vu-25f-00014,retry,25,300,86,2914,0.9713333333333334,1609.53027,25326.63753915,1.5,1.0,3.0,15.0,0.6768932119495268,0.9160049203682658,0.028666666666666618
retry-checkout-300vu-75f-00014,retry,75,300,1264,1736,0.5786666666666667,1804.8382305,22691.25618085,1.5,1.0,3.0,15.0,0.29549401979118517,0.1584763682689994,0.42133333333333334
retry-checkout-300vu-25f-00015,retry,25,300,61,2939,0.9796666666666667,1593.201728,21420.05151159998,2.0,1.0,3.0,15.0,0.6278626582971194,0.20296394897018874,0.020333333333333314
retry-checkout-300vu-75f-00015,retry,75,300,1232,1768,0.5893333333333334,1914.767259,24816.100666549977,2.0,1.0,3.0,15.0,0.3953077939988367,0.3708921449011487,0.4106666666666666
retry-checkout-300vu-25f-00016,retry,25,300,46,2954,0.9846666666666667,1690.488852,23692.051488549998,1.0,1.5,3.0,15.0,0.9199917138472363,0.6176557179869421,0.01533333333333331
retry-checkout-300vu-75f-00016,retry,75,300,1304,1696,0.5653333333333334,1904.5518105,31109.21306155,1.0,1.5,3.0,15.0,0.3860323325131666,1.0,0.43466666666666665
retry-checkout-300vu-25f-00017,retry,25,300,56,2944,0.9813333333333333,1498.9400415,21081.36964205,1.5,1.5,3.0,15.0,0.3448182396769717,0.1411467900606518,0.01866666666666672
retry-checkout-300vu-75f-00017,retry,75,300,1255,1745,0.5816666666666667,2095.072087,24605.18769725,1.5,1.5,3.0,15.0,0.5590216522591365,0.3498076643769711,0.41833333333333333
retry-checkout-300vu-25f-00018,retry,25,300,128,2872,0.9573333333333334,1707.3887015,25717.8723011,2.0,1.5,3.0,15.0,0.9707377619406524,0.9874141796903941,0.04266666666666663
retry-checkout-300vu-75f-00018,retry,75,300,1249,1751,0.5836666666666667,2198.917882,25112.773568599998,2.0,1.5,3.0,15.0,0.6533119491532283,0.400549847061836,0.41633333333333333
retry-checkout-300vu-25f-00019,retry,25,300,7,2993,0.9976666666666667,1504.066001,22313.819423199977,1.0,0.5,4.0,15.0,0.36021022215065573,0.3660969595828757,0.0023333333333332984
retry-checkout-300vu-75f-00019,retry,75,300,997,2003,0.6676666666666666,1788.929219,26019.40434614999,1.0,0.5,4.0,15.0,0.28104889548329665,0.49118362380547814,0.33233333333333337
retry-checkout-300vu-25f-00020,retry,25,300,8,2992,0.9973333333333333,1487.563947,23097.90528055,1.5,0.5,4.0,15.0,0.3106586550834971,0.5092104959139774,0.002666666666666706
retry-checkout-300vu-75f-00020,retry,75,300,998,2002,0.6673333333333333,1810.1875175,24286.190989199997,1.5,0.5,4.0,15.0,0.30035108559150675,0.31791830308979974,0.33266666666666667
retry-checkout-300vu-25f-00021,retry,25,300,87,2913,0.971,1398.338957,20377.3171826,2.0,0.5,4.0,15.0,0.04273818433169767,0.01264117260820107,0.029000000000000026
retry-checkout-300vu-75f-00021,retry,75,300,971,2029,0.6763333333333333,1884.997658,24696.64310815,2.0,0.5,4.0,15.0,0.36827747932207344,0.3589502497587604,0.32366666666666666
retry-checkout-300vu-25f-00022,retry,25,300,13,2987,0.9956666666666667,1606.076302,24952.334480499998,1.0,1.0,4.0,15.0,0.6665218044265709,0.8476860827297538,0.0043333333333333
retry-checkout-300vu-75f-00022,retry,75,300,916,2084,0.6946666666666667,1912.7332245,24181.191153249994,1.0,1.0,4.0,15.0,0.39346092367637614,0.30742171293947607,0.30533333333333335
retry-checkout-300vu-25f-00023,retry,25,300,12,2988,0.996,1601.4596495,22415.14572035,1.5,1.0,4.0,15.0,0.6526591443007762,0.38459131778681704,0.0040000000000000036
retry-checkout-300vu-75f-00023,retry,75,300,973,2027,0.6756666666666666,2092.625037,26914.73720365,1.5,1.0,4.0,15.0,0.5567997705641222,0.5806879736767557,0.32433333333333336
retry-checkout-300vu-25f-00024,retry,25,300,16,2984,0.9946666666666667,1592.5132465,22207.69759475,2.0,1.0,4.0,15.0,0.6257953194542243,0.34672730763847265,0.005333333333333301
retry-checkout-300vu-75f-00024,retry,75,300,974,2026,0.6753333333333333,1901.6539010000001,21506.1338378,2.0,1.0,4.0,15.0,0.38340107770764265,0.04000243542485105,0.32466666666666666
retry-checkout-300vu-25f-00025,retry,25,300,112,2888,0.9626666666666667,1684.279487,21302.465345749995,1.0,1.5,4.0,15.0,0.9013465339052746,0.18150179420657517,0.03733333333333333
retry-checkout-300vu-75f-00025,retry,75,300,941,2059,0.6863333333333334,2118.912929,22213.774658399998,1.0,1.5,4.0,15.0,0.5806687499618902,0.11074364754459011,0.31366666666666665
retry-checkout-300vu-25f-00026,retry,25,300,9,2991,0.997,1693.00997,23193.938940699998,1.5,1.5,4.0,15.0,0.9275620046523221,0.526738827259393,0.0030000000000000027
retry-checkout-300vu-75f-00026,retry,75,300,929,2071,0.6903333333333334,2186.386861,23398.5999575,1.5,1.5,4.0,15.0,0.6419339854092354,0.22918788559377465,0.30966666666666665
retry-checkout-300vu-25f-00027,retry,25,300,12,2988,0.996,1581.5596935,21715.324043099998,2.0,1.5,4.0,15.0,0.5929045219751242,0.25685791449485956,0.0040000000000000036
retry-checkout-300vu-75f-00027,retry,75,300,957,2043,0.681,2293.590983,24543.084238850002,2.0,1.5,4.0,15.0,0.7392735887282763,0.34359932563201484,0.31899999999999995
retry-checkout-300vu-25f-00028,retry,25,300,3,2997,0.999,1589.078344,23712.691513050002,1.0,0.5,5.0,15.0,0.6154811608896058,0.6214229927929682,0.0010000000000000009
retry-checkout-300vu-75f-00028,retry,75,300,695,2305,0.7683333333333333,1813.852911,26448.197259899996,1.0,0.5,5.0,15.0,0.3036792034161011,0.5340490572061559,0.2316666666666667
retry-checkout-300vu-25f-00029,retry,25,300,0,3000,1.0,1384.1059495,20387.8225809,1.5,0.5,5.0,15.0,0.0,0.014558647189825307,0.0
retry-checkout-300vu-75f-00029,retry,75,300,688,2312,0.7706666666666667,1988.047145,24310.26969745,1.5,0.5,5.0,15.0,0.46184474147278304,0.3203253957253525,0.22933333333333328
retry-checkout-300vu-25f-00030,retry,25,300,29,2971,0.9903333333333333,1573.454162,23528.734183749984,2.0,0.5,5.0,15.0,0.5685656252694641,0.5878465882661384,0.009666666666666712
retry-checkout-300vu-75f-00030,retry,75,300,710,2290,0.7633333333333333,1905.9002195,23605.57800405,2.0,0.5,5.0,15.0,0.38725666600634906,0.24987900101403576,0.2366666666666667
retry-checkout-300vu-25f-00031,retry,25,300,22,2978,0.9926666666666667,1581.6943615,21486.4262011,1.0,1.0,5.0,15.0,0.5933088965113968,0.21507884231787736,0.007333333333333303
retry-checkout-300vu-75f-00031,retry,75,300,679,2321,0.7736666666666666,1995.260879,21421.792264099982,1.0,1.0,5.0,15.0,0.4683946948972332,0.03157100385400595,0.2263333333333334
retry-checkout-300vu-25f-00032,retry,25,300,9,2991,0.997,1694.682687,23693.858182299995,1.5,1.0,5.0,15.0,0.9325847580992489,0.6179854807663694,0.0030000000000000027
retry-checkout-300vu-75f-00032,retry,75,300,740,2260,0.7533333333333333,2117.855325,22275.040204549998,1.5,1.0,5.0,15.0,0.5797084626902064,0.11686822214467335,0.2466666666666667
retry-checkout-300vu-25f-00033,retry,25,300,7,2993,0.9976666666666667,1494.259018,21017.442306199995,2.0,1.0,5.0,15.0,0.3307622894356745,0.12947859452318808,0.0023333333333332984
retry-checkout-300vu-75f-00033,retry,75,300,730,2270,0.7566666666666667,2363.242976,27496.543406,2.0,1.0,5.0,15.0,0.802516468223158,0.6388497907665674,0.2433333333333333
retry-checkout-300vu-25f-00034,retry,25,300,0,3000,1.0,1703.3746035,24126.9858442,1.0,1.5,5.0,15.0,0.9586844232313527,0.6970411489642722,0.0
retry-checkout-300vu-75f-00034,retry,75,300,738,2262,0.754,2310.0602055,24911.95453355,1.0,1.5,5.0,15.0,0.7542273755343751,0.38047443374112344,0.246
retry-checkout-300vu-25f-00035,retry,25,300,3,2997,0.999,1603.89388,22306.007476449988,1.5,1.5,5.0,15.0,0.6599685335366662,0.3646711012861839,0.0010000000000000009
retry-checkout-300vu-75f-00035,retry,75,300,704,2296,0.7653333333333333,2580.739739,26397.191112,1.5,1.5,5.0,15.0,1.0,0.5289500908619801,0.2346666666666667
retry-checkout-300vu-25f-00036,retry,25,300,4,2996,0.9986666666666667,1612.485307,23587.55631404999,2.0,1.5,5.0,15.0,0.685766453673947,0.5985829674558026,0.0013333333333332975
retry-checkout-300vu-75f-00036,retry,75,300,772,2228,0.7426666666666667,2298.2715264999997,29087.909885099998,2.0,1.5,5.0,15.0,0.743523446281398,0.7979350079856709,0.2573333333333333
retry-checkout-300vu-50f-00001,retry,50,300,729,2271,0.757,1491.228624,21925.99449984999,1.0,0.5,2.0,15.0,0.12328900756285616,0.13446974705960832,0.243
retry-checkout-300vu-50f-00002,retry,50,300,864,2136,0.712,1406.366402,22391.8287635,1.5,0.5,2.0,15.0,0.0,0.23549772601208854,0.28800000000000003
retry-checkout-300vu-50f-00003,retry,50,300,742,2258,0.7526666666666667,1478.4888675000002,21305.9621459,2.0,0.5,2.0,15.0,0.10478051345958565,0.0,0.2473333333333333
retry-checkout-300vu-50f-00004,retry,50,300,753,2247,0.749,1674.535673,23692.0921236,1.0,1.0,2.0,15.0,0.3896000187273511,0.5174928251865848,0.251
retry-checkout-300vu-50f-00005,retry,50,300,757,2243,0.7476666666666667,1685.48621,24001.33574155,1.5,1.0,2.0,15.0,0.40550911004256945,0.5845601496908942,0.2523333333333333
retry-checkout-300vu-50f-00006,retry,50,300,744,2256,0.752,1696.0970244999999,25916.90525769999,2.0,1.0,2.0,15.0,0.42092464782024563,1.0,0.248
retry-checkout-300vu-50f-00007,retry,50,300,866,2134,0.7113333333333334,1694.7921225,23934.688578249985,1.0,1.5,2.0,15.0,0.4190288681817303,0.5701060213956533,0.2886666666666666
retry-checkout-300vu-50f-00008,retry,50,300,728,2272,0.7573333333333333,1782.8479945,24905.15659725,1.5,1.5,2.0,15.0,0.5469576545498492,0.7805766334742242,0.2426666666666667
retry-checkout-300vu-50f-00009,retry,50,300,823,2177,0.7256666666666667,1693.502504,22890.100152,2.0,1.5,2.0,15.0,0.4171552926229888,0.3435605184644304,0.2743333333333333
retry-checkout-300vu-50f-00010,retry,50,300,427,2573,0.8576666666666667,1593.781835,23702.358998350002,1.0,0.5,3.0,15.0,0.27227972815197976,0.5197194574613853,0.1423333333333333
retry-checkout-300vu-50f-00011,retry,50,300,368,2632,0.8773333333333333,1486.230561,21630.360005199993,1.5,0.5,3.0,15.0,0.11602775264300934,0.07035390622578203,0.1226666666666667
retry-checkout-300vu-50f-00012,retry,50,300,371,2629,0.8763333333333333,1614.913065,24504.149790199997,2.0,0.5,3.0,15.0,0.3029794707922614,0.6936081332505336,0.1236666666666667
retry-checkout-300vu-50f-00013,retry,50,300,394,2606,0.8686666666666667,1700.3216425,24399.710698849995,1.0,1.0,3.0,15.0,0.4270622311674293,0.6709578665225122,0.1313333333333333
retry-checkout-300vu-50f-00014,retry,50,300,366,2634,0.878,1802.7848195000001,25401.588453049997,1.5,1.0,3.0,15.0,0.5759221491185205,0.8882404765890016,0.122
retry-checkout-300vu-50f-00015,retry,50,300,397,2603,0.8676666666666667,1706.466196,23586.56962265,2.0,1.0,3.0,15.0,0.43598912331187345,0.4946075935991567,0.1323333333333333
retry-checkout-300vu-50f-00016,retry,50,300,557,2443,0.8143333333333334,1901.466314,24191.49969705,1.0,1.5,3.0,15.0,0.7192879865311259,0.6258020281719682,0.18566666666666665
retry-checkout-300vu-50f-00017,retry,50,300,383,2617,0.8723333333333333,2004.178342,25703.73932955,1.5,1.5,3.0,15.0,0.8685094386501653,0.9537695601569081,0.1276666666666667
retry-checkout-300vu-50f-00018,retry,50,300,423,2577,0.859,1882.591997,23218.691806349998,2.0,1.5,3.0,15.0,0.6918671182517548,0.41482395554937107,0.14100000000000001
retry-checkout-300vu-50f-00019,retry,50,300,180,2820,0.94,1703.757391,24695.0993103,1.0,0.5,4.0,15.0,0.4320537340154289,0.735020381346013,0.06000000000000005
retry-checkout-300vu-50f-00020,retry,50,300,188,2812,0.9373333333333334,1692.623956,24957.374130599987,1.5,0.5,4.0,15.0,0.41587892596107945,0.7919013304145001,0.06266666666666665
retry-checkout-300vu-50f-00021,retry,50,300,185,2815,0.9383333333333334,1679.037185,23503.7033432,2.0,0.5,4.0,15.0,0.39613987749998925,0.476635938464671,0.06166666666666665
retry-checkout-300vu-50f-00022,retry,50,300,174,2826,0.942,1795.206858,23601.290049299998,1.0,1.0,4.0,15.0,0.564912782044859,0.49780009159643757,0.05800000000000005
retry-checkout-300vu-50f-00023,retry,50,300,192,2808,0.936,1896.351958,25116.184118949997,1.5,1.0,4.0,15.0,0.7118577795355662,0.8263433056242128,0.06399999999999995
retry-checkout-300vu-50f-00024,retry,50,300,183,2817,0.939,1913.103329,24809.560536249995,2.0,1.0,4.0,15.0,0.7361944025609122,0.7598442022378983,0.061000000000000054
retry-checkout-300vu-50f-00025,retry,50,300,264,2736,0.912,2014.180942,24002.50163069998,1.0,1.5,4.0,15.0,0.8830413540064262,0.5848130023333385,0.08799999999999997
retry-checkout-300vu-50f-00026,retry,50,300,179,2821,0.9403333333333334,1879.265588,22708.455509299994,1.5,1.5,4.0,15.0,0.6870344653386818,0.3041662691111576,0.059666666666666646
retry-checkout-300vu-50f-00027,retry,50,300,185,2815,0.9383333333333334,2091.171532,24877.991516649992,2.0,1.5,4.0,15.0,0.9948943459393825,0.7746851965292556,0.06166666666666665
retry-checkout-300vu-50f-00028,retry,50,300,109,2891,0.9636666666666667,1717.453522,25448.11177069999,1.0,0.5,5.0,15.0,0.4519516621941285,0.8983302383843563,0.03633333333333333
retry-checkout-300vu-50f-00029,retry,50,300,87,2913,0.971,1695.952078,23802.74628485,1.5,0.5,5.0,15.0,0.42071406754419904,0.5414909875076124,0.029000000000000026
retry-checkout-300vu-50f-00030,retry,50,300,89,2911,0.9703333333333334,1793.864205,24290.78604115,2.0,0.5,5.0,15.0,0.5629621572324274,0.6473347909262763,0.02966666666666662
retry-checkout-300vu-50f-00031,retry,50,300,100,2900,0.9666666666666667,1813.2854925000001,24396.82939735,1.0,1.0,5.0,15.0,0.5911776718045996,0.6703329831895081,0.033333333333333326
retry-checkout-300vu-50f-00032,retry,50,300,73,2927,0.9756666666666667,1819.575133,23653.26275364999,1.5,1.0,5.0,15.0,0.6003153483454299,0.5090716911564033,0.024333333333333318
retry-checkout-300vu-50f-00033,retry,50,300,81,2919,0.973,1880.777563,23668.92992369999,2.0,1.0,5.0,15.0,0.6892310834900409,0.5124695144802058,0.027000000000000024
retry-checkout-300vu-50f-00034,retry,50,300,93,2907,0.969,2094.685853,24592.78223755,1.0,1.5,5.0,15.0,1.0,0.712830328190042,0.031000000000000028
retry-checkout-300vu-50f-00035,retry,50,300,72,2928,0.976,1997.655865,23898.422590349997,1.5,1.5,5.0,15.0,0.8590334940280512,0.5622408217996794,0.02400000000000002
baseline-300vu-25f-00001,baseline,25,300,756,2244,0.748,1307.1058014999999,20802.5575778,0.0,0.0,0.0,0.0,0.0,0.0,0.252
baseline-300vu-50f-00001,baseline,50,300,1538,1462,0.48733333333333334,1503.2980200000002,24201.2083333,0.0,0.0,0.0,0.0,0.0,0.0,0.5126666666666666
baseline-300vu-75f-00001,baseline,75,300,2251,749,0.24966666666666668,1289.053701,20801.012222049998,0.0,0.0,0.0,0.0,0.0,0.0,0.7503333333333333
baseline-400vu-25f-00001,baseline,25,400,727,2273,0.7576666666666667,1895.75883,32918.616206299994,0.0,0.0,0.0,0.0,0.0,0.0,0.2423333333333333
baseline-400vu-50f-00001,baseline,50,400,1517,1483,0.49433333333333335,1809.148309,29090.750381949998,0.0,0.0,0.0,0.0,0.0,0.0,0.5056666666666667
baseline-400vu-75f-00001,baseline,75,400,2252,748,0.24933333333333332,1693.0251210000001,31921.496052349998,0.0,0.0,0.0,0.0,0.0,0.0,0.7506666666666667
baseline-500vu-25f-00001,baseline,25,500,764,2236,0.7453333333333333,2110.2584175,34962.982232149996,0.0,0.0,0.0,0.0,0.0,0.0,0.2546666666666667
baseline-500vu-50f-00001,baseline,50,500,1486,1514,0.5046666666666667,2112.9652595,37482.0202104,0.0,0.0,0.0,0.0,0.0,0.0,0.4953333333333333
baseline-500vu-75f-00001,baseline,75,500,2247,753,0.251,2009.791721,35684.33631409999,0.0,0.0,0.0,0.0,0.0,0.0,0.749
